id;EP_indicator;source;source type;input vector/activity;activity type;output vector/activity;carrier/technology;carrier/technology type;attribute name;value;unit;internal comments;;;;
0;summary;;;Electricity;Consumption;Electricity demand;;;Electr. Demand;72.99;;;;;;
1;summary;;;Electricity;Consumption;Cooling;;;Elec.dem Cooling;0.0;;;;;;
2;summary;;;Electricity;Trade;Electricity;;;Fixed Exp/Imp;0.0;;;;;;
3;summary;;;District heating supply;Consumption;District heating demand;;;DH Demand;9.61;;;;;;
4;summary;Onshore wind;VRES;RES;Primary energy supply;Electricity;Wind;Onshore wind;Wind Electr.;12.61;;;;;;
5;summary;Offshore wind;VRES;RES;Primary energy supply;Electricity;Wind;Offshore wind;Offshore Electr.;0.0;;;;;;
6;summary;PV;VRES;RES;Primary energy supply;Electricity;Solar;PV;PV Electr.;3.88;;;84,62;;;
7;summary;River hydro;VRES;RES;Primary energy supply;Electricity;Hydro;River hydro;River Electr.;0.0;;;;;;
8;summary;Tidal;VRES;RES;Primary energy supply;Electricity;Marine;Tidal;Tidal Electr.;0.0;;;;;;
9;summary;Wave;VRES;RES;Primary energy supply;Electricity;Marine;Wave;Wave Electr.;0.0;;;;;;
10;summary;CSP;VRES;RES;Primary energy supply;Electricity;Solar;CSP;CSP Electr.;0.0;;;;;;
11;summary;CSP;VRES;RES;Primary energy supply;Electricity;Solar;CSP;CSP2 Electr.;0.0;;;;;;
12;summary;CSP;VRES;Electricity storage;Electricity storage;Electricity storage;Solar;CSP;CSP2 Storage;0.0;;;;;;
13;summary;CSP;VRES;Electricity;Loss;Electricity;Solar;CSP;CSP2 loss;0.0;;;;;;
14;summary;Hydro power;VRES;RES;Primary energy supply;Electricity;Hydro;Hydro power;Hydro Electr.;21.13;;;;;;
15;summary;Hydro power;VRES;RES;Primary energy supply;Electricity;Hydro;Hydro power;Hydro pump;0.0;;;;;;
16;summary;Hydro power;VRES;RES;Electricity storage;Electricity;Hydro;Hydro power;Hydro storage;0.0;;;;;;
17;summary;Hydro power;VRES;RES;Hydro water supply;Hydro potential;Hydro;Hydro power;Hydro Wat-Sup;22.25;;;;;;
18;summary;Hydro power;VRES;Hydro potential;Hydro water supply;Losses;Hydro;Hydro power;Hydro Wat-Loss;0.0;;;;;;
19;summary;Solar thermal;VRES;RES;Primary energy supply;District heating supply;Solar;Solar thermal;Solar Heat;0.0;;sums gr 1,2,3;;;;
20;summary;;;Industrial excess;Supply;District heating supply;Surplus heat;Industrial excess & geothermal heat;CSHP 1 Heat;0.0;;aggregates industrial excess, geothermal and ELT;;;;
21;summary;;;Heat and power (CHP, PP, Boilers);Supply;District heating supply;Waste;Waste incineration;Waste 1 Heat;0.0;;;;;;
22;summary;;;Heat and power (CHP, PP, Boilers);Supply;District heating supply;Boilers;Boilers;Boiler 1 Heat;0.0;;;;;;
23;summary;;;Heat and power (CHP, PP, Boilers);Supply;District heating supply;Solar;Solar thermal;Solar 1 Heat;0.0;;;;;;
24;summary;;;Heat and power (CHP, PP, Boilers);Thermal storage;District heating storage;Thermal storage;Solar thermal storage;Sol1 Str Heat;0.0;;;;;;
25;summary;;;Heat and power (CHP, PP, Boilers);Supply;District heating supply;Surplus heat;Industrial excess & geothermal heat;CSHP 2 Heat;0.0;;;;;;
26;summary;;;Heat and power (CHP, PP, Boilers);Supply;District heating supply;Waste;Waste incineration;Waste 2 Heat;0.0;;;;;;
27;summary;;;Heat and power (CHP, PP, Boilers);Supply;District heating supply;Geothermal;Geothermal heating;Geoth 2 Heat;0.0;;;;;;
28;summary;;;Heat and power (CHP, PP, Boilers);Supply;District heating supply;Geothermal;Geothermal;Geoth 2 Steam;0.0;;;;;;
29;summary;;;Heat and power (CHP, PP, Boilers);Thermal storage;District heating storage;Thermal storage;Solar thermal storage;Geoth 2 Storage;0.0;;;;;;
30;summary;;;Heat and power (CHP, PP, Boilers);Supply;District heating supply;Central power plants & DH;CHP plants;CHP 2 Heat;0.0;;;;;;
31;summary;;;Heat and power (CHP, PP, Boilers);Supply;District heating supply;Heat pumps;Heat pumps (DH);HP 2 Heat;0.0;;;;;;
32;summary;;;Heat and power (CHP, PP, Boilers);Supply;District heating supply;Boilers;Boilers;Boiler 2 Heat;0.0;;;;;;
33;summary;;;Heat and power (CHP, PP, Boilers);Supply;District heating supply;Electric heating;Electric heating;EH 2 Heat;0.0;;;;;;
34;summary;;;Heat and power (CHP, PP, Boilers);Supply;District heating supply;;;ELT 2 Heat;0.0;;is this mapped to anything;;;;
35;summary;;;Heat and power (CHP, PP, Boilers);Supply;District heating supply;Solar;Solar thermal;Solar2 Heat;0.0;;;;;;
36;summary;;;Heat and power (CHP, PP, Boilers);Thermal storage;District heating storage;Thermal storage;Solar thermal storage;Sol2 Str Heat;0.0;;;;;;
37;summary;;;Heat and power (CHP, PP, Boilers);Thermal storage;District heating storage;Thermal storage;DH thermal storage;Storage2 Heat;0.0;;;;;;
38;summary;;;District heating supply;Balance;District heating demand;Balance;DH balance;Balance2 Heat;0.0;;;;;;
39;summary;;;Heat and power (CHP, PP, Boilers);Supply;District heating supply;Surplus heat;Industrial excess & geothermal heat;CSHP 3 Heat;1.25;;;;;;
40;summary;;;Heat and power (CHP, PP, Boilers);Supply;District heating supply;Waste;Waste incineration;Waste 3 Heat;0.0;;;;;;
41;summary;;;Heat and power (CHP, PP, Boilers);Supply;District heating supply;Geothermal;Geothermal heating;Geoth 3 Heat;0.0;;;;;;
42;summary;;;Heat and power (CHP, PP, Boilers);Supply;District heating supply;Geothermal;Geothermal;Geoth 3 Steam;0.0;;;;;;
43;summary;;;Heat and power (CHP, PP, Boilers);Storage;District heating supply;Thermal storage;Solar thermal storage;Geoth 3 Storage;0.0;;;;;;
44;summary;;;Heat and power (CHP, PP, Boilers);Supply;District heating supply;Central power plants & DH;CHP plants;CHP 3 Heat;8.25;;;;;;
45;summary;;;Heat and power (CHP, PP, Boilers);Supply;District heating supply;Heat pumps;Heat pumps (DH);HP 3 Heat;0.01;;;;;;
46;summary;;;Heat and power (CHP, PP, Boilers);Supply;District heating supply;Boilers;Boilers;Boiler 3 Heat;0.11;;;;;;
47;summary;;;Heat and power (CHP, PP, Boilers);Supply;District heating supply;Electric heating;Electric heating;EH 3 Heat;0.0;;;;;;
48;summary;;;Heat and power (CHP, PP, Boilers);Supply;District heating supply;;;ELT 3 Heat;0.0;;;;;;
49;summary;;;Heat and power (CHP, PP, Boilers);Supply;District heating supply;Solar;Solar thermal;Solar3 Heat;0.0;;;;;;
50;summary;;;;Thermal storage;;Thermal storage;Solar thermal storage;Sol3 Str Heat;0.0;;;;;;
51;summary;;;;Thermal storage;;Thermal storage;DH thermal storage;Storage3 Heat;0.0;;;;;;
52;summary;;;District heating supply;Balance;District heating demand;Balance;DH balance;Balance3 Heat;0.0;;;;;;
53;summary;;;Electricity;Supply;Electricity demand;;;Flexible Electr.;8.29;;;;;;
54;summary;;;Electricity;Consumption;District heating supply;Heat pumps;Heat pumps (DH);HP Electr.;0.0;;Disaggregate large scale HP and HH-HP;;;;
55;summary;;;Heat and power (CHP, PP, Boilers);Supply;Electricity;CHP plants;Industrial CHP;CSHP Electr.;4.51;;;;;;
56;summary;;;Heat and power (CHP, PP, Boilers);Supply;Electricity;CHP plants;CHP plants (back-pressure);CHP Electr.;7.33;;;;;;
57;summary;;;Heat and power (CHP, PP, Boilers);Supply;Electricity;Power plants;Condensing power plant;PP Electr.;39.45;;;;;;
58;summary;;;Heat and power (CHP, PP, Boilers);Supply;Electricity;Power plants;Condensing power plant;PP2 Electr.;0.0;;;;;;
59;summary;Nuclear;Nuclear;Nuclear;Supply;Electricity;Nuclear plants;Nuclear plants;Nuclear Electr.;0.0;;;;;;
60;summary;Geothermal;Geothermal;RES;Supply;Electricity;Geothermal;Geothermal electricity;Geother. Electr.;0.0;;;;;;
61;summary;;;Electricity;Consumption;Electricity storage;Electricity storage;Hydro pump;Pump Electr.;0.0;;;;;;
62;summary;;;Electricity storage;Supply;Electricity;Electricity storage;Hydro turbine;Turbine Electr.;0.0;;;;;;
63;summary;;;;Storage;Electricity storage;Electricity storage;Hydro pump/turbine;Pumped Storage;0.0;;;;;;
64;summary;;;Electricity;Consumption;Electricity storage;Electricity storage;Hydro pump;Pump2 Electr.;0.0;;;;;;
65;summary;;;Electricity storage;Supply;Electricity;Electricity storage;Hydro turbine;Turbine2 Electr.;0.0;;;;;;
66;summary;;;;Electricity storage;Electricity storage;Hydro;Hydro pump/turbine;Pumped2 Storage;0.0;;;;;;
67;summary;;;Electricity;Consumption;Electricity storage;Electricity storage;Rockbed storage;Rock in Electr.;0.0;;;;;;
68;summary;;;Electricity storage;Supply;Electricity;Electricity storage;Rockbed storage;Rock out Steam;0.0;;;;;;
69;summary;;;Electricity storage in;Electricity storage;Electricity storage out;Electricity storage;Rockbed storage;Rock str Storage;0.0;;need to define in and out when it is a balance;;;;
70;summary;;;;Consumption;;;;ELT 2 Electr.;0.0;;not mapped in this output file it seems;;;;
71;summary;;;;Supply;;;;ELT 2 H2 ELT 2;0.0;;are these mapped;;;;
72;summary;;;;Consumption;;;;ELT 3 Electr.;0.0;;not mapped in this output file it seems;;;;
73;summary;;;;Supply;;;;ELT 3 H2 ELT 3;0.0;;;;;;
74;summary;;;Electricity;Consumption;Transport;EVs;;V2G Demand;4.63;;;;;;
75;summary;;;Electricity;Supply;Electricity storage;EVs;;V2G Charge;5.15;;;;;;
76;summary;;;Electricity storage;Supply;Electricity;EVs;;V2G Discha.;0.0;;;;;;
77;summary;;;;Electricity storage;Electricity storage;EVs;;V2G Storage;0.0;;;;;;
78;summary;;;Electricity;Consumption;Electrolysers;;;Trans H2 Electr.;2.31;;;;;;
79;summary;;;;Losses;;;;Trans H2 Electr.;0.0;;;;;;
80;summary;;;;Fuel storage;;;;CO2Hydro Storage;0.0;;;;;;
81;summary;;;;Supply;;;;NH3Hydro Electr.;0.0;;;;;;
82;summary;;;;Supply;;;;CO2Hydro liq.fuel;0.0;;;;;;
83;summary;;;;Supply;;;;NH3Hydro Ammonia;0.0;;;;;;
84;summary;;;Individual supply;Supply;Electricity;Micro CHP;Micro CHP;HH-CHP Electr.;0.0;;;;;;
85;summary;;;Electricity;Consumption;Individual supply;HP (indv. Heating);HP (indv. Heating);HH-HP Electr.;4.12;;;;;;
86;summary;;;Electricity;Consumption;Individual supply;Electrict Heating;Electric heating;HH-HP/EB Electr.;0.0;;? Can't see anything updating;;;;
87;summary;;;Electricity;Consumption;Individual heating supply;;;HH-EB Electr.;0.0;;;;;;
88;summary;;;Electricity;Consumption;Individual heating supply;;;HH-H2 Electr.;0.0;;;;;;
89;summary;;;Fuel storage;Fuel storage;Fuel storage;Fuel storage;Hydrogen storage;HH-H2 Storage;0.0;;;;;;
90;summary;;;;Price;;;;HH-H2 Prices;0.0;;?;;;;
91;summary;;;Individual heating supply;Consumption;Individual heating demand;;;HH Dem. Heat;36.23;;;;;;
92;summary;;;Individual supply;Supply;Individual heating supply;;;HH CHP+HP Heat;12.35;;Ind HP + CHP + EH disaggregate;;;;
93;summary;;;Individual supply;Supply;Individual heating supply;;;HH Boil. Heat;23.88;;;;;;
94;summary;;;RES;Primary energy supply;Individual heating supply;;;HH Solar Heat;0.0;;;;;;
95;summary;;;Thermal storage;Thermal storage;Thermal storage;Thermal storage;Indv. Thermal storage;HH Store Heat;0.0;;;;;;
96;summary;;;Individual supply;Balance;Individual heating demand;;;HH Balan Heat;0.0;;;;;;
98;summary;;;Import;Electricity exchange;Electricity;;;Import Electr.;3.94;;;;;;
99;summary;;;Electricity;Electricity exchange;Excess electricity;;;Export Electr.;0.0;;;;;;
100;summary;;;Excess electricity;Electricity exchange;Critical excess electricity;;;CEEP Electr.;0.0;;;;;;
101;summary;;;Excess electricity;Electricity exchange;Export;;;EEEP Electr.;0.0;;;;;;
102;summary;;;;Price;;;;ExMarket Prices;1.99;;M unit/MWh;;;;
103;summary;;;;Supply;;;;ExMarket Prod;0.0;;;;;;
104;summary;;;;Supply;;;;System Prices;0.0;;;;;;
105;summary;;;;Supply;;;;InMarket Prices;1.99;;;;;;
106;summary;;;;Supply;;;;Btl-neck Prices;0.0;;;;;;
107;summary;;;;Supply;;;;Import Payment;975.0;;;;;;
108;summary;;;;Supply;;;;Export Payment;0.0;;;;;;
109;summary;;;;Supply;;;;Blt-neck Payment;0.0;;;;;;
110;summary;;;;Supply;;;;Add-exp Payment;0.0;;;;;;
111;summary;;;PES;Consumption;Natural gas;Natural gas exchange;Natural gas demands;Boilers ;0.09;;;;;;
112;summary;;;PES;Consumption;Natural gas;Natural gas exchange;Natural gas demands;CHP2+3 ;13.74;;;;;;
113;summary;;;PES;Consumption;Natural gas;Natural gas exchange;Natural gas demands;PP CAES;53.8;;;;;;
114;summary;;;PES;Consumption;Natural gas;Natural gas exchange;Natural gas demands;Indi- vidual;20.91;;;;;;
115;summary;;;PES;Consumption;Natural gas;Natural gas exchange;Natural gas demands;Transp. ;4.55;;;;;;
116;summary;;;PES;Consumption;Natural gas;Natural gas exchange;Natural gas demands;Indust. Various;44.5;;;;;;
117;summary;;;;Consumption;;Natural gas exchange;;Demand Sum;137.6;;Sum of above;;;;
118;summary;;;Biogas & biofuel conversion;Supply;Natural gas;Natural gas exchange;Natural gas supply;Biogas ;2.61;;;;;;
119;summary;;;Biogas & biofuel conversion;Supply;Natural gas;Natural gas exchange;Natural gas supply;Syngas ;0.0;;;;;;
120;summary;;;Biogas & biofuel conversion;Supply;Natural gas;Natural gas exchange;Natural gas supply;CO2HyGas ;0.0;;;;;;
121;summary;;;Biogas & biofuel conversion;Supply;Natural gas;Natural gas exchange;Natural gas supply;SynHyGas ;0.0;;;;;;
122;summary;;;Biogas & biofuel conversion;Supply;Natural gas;Natural gas exchange;Natural gas supply;SynFuel ;0.0;;;;;;
123;summary;;;Gas storage;Fuel storage;Gas storage;Natural gas exchange;Natural gas storage;Storage ;0.0;;;;;;
124;summary;;;Gas storage;Fuel storage;Gas storage;Natural gas exchange;Natural gas storage;Storage Content;0.0;;;;;;
125;summary;;;;Supply;;Natural gas exchange;;Sum ;134.99;;should be aggregated from the above;;;;
126;summary;;;PES;Consumption;Natural gas;Natural gas exchange;Natural gas import;Import Gas;134.99;;should be aggregated from the above;;;;I guess this are defined depending on whether + or -
127;summary;;;Biogas & biofuel conversion;Supply;PES;Natural gas exchange;Natural gas export;Export Gas;0.0;;should be aggregated from the above;;;;
128;summary;;;Desalination;Desalination volume;Fresh water;Desalination;Fresh water;FreshW Demand;0.0;;Gm3/year;;;;
129;summary;;;Water & brine storage;Storage;Water & brine storage;Desalination;Fresh water storage;FreshW Storage;0.0;;Mm3;;;;
130;summary;;;Salt water;Consumption;Desalination;Desalination;Salt water;SaltW Demand;0.0;;Gm3/year;;;;
131;summary;;;Desalination;Supply;Brine;Desalination;Brine;Brine Prod.;0.0;;Gm3/year;;;;
132;summary;;;Water & brine storage;Desalination volume;Water & brine storage;Desalination;Brine storage;Brine Storage;0.0;;Mm3;;;;
133;summary;;;Electricity;Consumption;Desalination;Desalination;Desalination plant el. demand;Desal.Pl Electr.;0.0;;TWh/year;;;;
134;summary;;;Electricity;Consumption;Desalination;Desalination;Fresh water el. demand;FWPump Electr.;0.0;;TWh/year;;;;
135;summary;;;Desalination;Supply;Electricity;Desalination;Turbine;Turbine Electr.;0.0;;;;;;
136;summary;;;Electricity;Consumption;Desalination;Desalinatin;Pump hydro (desalination);Pump Electr.;0.0;;;;;;
137;summary;;;Cooling supply;Supply;Cooling demand;District cooling;Absorption cooling;CoolGr1 Demand;0.0;;;;;;
138;summary;;;Cooling supply;Supply;Cooling demand;District cooling;Absorption cooling;CoolGr2 Demand;0.0;;;;;;
139;summary;;;Cooling supply;Supply;Cooling demand;District cooling;Absorption cooling;CoolGr3 Demand;0.0;;;;;;
140;summary;;;Cooling supply;Supply;Cooling demand;Cooling;Compression cooling;Cool-El Demand;0.0;;;;;;
141;summary;;;Cooling supply;Supply;Cooling demand;District cooling;Natural cooling;CoolGr1 Natural;0.0;;;;;;
142;summary;;;Cooling supply;Supply;Cooling demand;District cooling;Natural cooling;CoolGr2 Natural;0.0;;;;;;
143;summary;;;Cooling supply;Supply;Cooling demand;District cooling;Natural cooling;CoolGr3 Natural;0.0;;;;;;
144;summary;;;District heating supply;Consumption;Cooling supply;District cooling;Absorption cooling;Cooling DHgr1;0.0;;;;;;
145;summary;;;District heating supply;Consumption;Cooling supply;District cooling;Absorption cooling;Cooling DHgr2;0.0;;;;;;
146;summary;;;District heating supply;Consumption;Cooling supply;District cooling;Absorption cooling;Cooling DHgr3;0.0;;;;;;
147;summary;;;Electricity;Consumption;Cooling supply;Cooling;Compresion cooling;Cooling Electr.;0.0;;;;;;
148;pes;Coal;Fossil fuel;Fossil fuel;Primary energy supply;Heat and power (CHP, PP, Boilers);DH Boilers;DHP;DHP - Coal;0.0;;;;;;
149;pes;Oil;Fossil fuel;Fossil fuel;Primary energy supply;Heat and power (CHP, PP, Boilers);DH Boilers;DHP;DHP - Oil;0.0;;;;;;
150;pes;N.Gas;Fossil fuel;Fossil fuel;Primary energy supply;Heat and power (CHP, PP, Boilers);DH Boilers;DHP;DHP - N.Gas;0.0;;;;;;
151;pes;Biomass;Biomass, biofuels & waste;RES;Primary energy supply;Heat and power (CHP, PP, Boilers);DH Boilers;DHP;DHP - Biomass;0.0;;;;;;
152;pes;Renewable;VRES;RES;Primary energy supply;;;DHP;DHP - Renewable;0.0;;;;;;
153;pes;H2 etc.;Hydrogen;RES;Primary energy supply;Heat and power (CHP, PP, Boilers);DH Boilers;DHP;DHP - H2 etc.;0.0;;;;;;
154;pes;Biofuel;Biomass, biofuels & waste;RES;Primary energy supply;Heat and power (CHP, PP, Boilers);DH Boilers;DHP;DHP - Biofuel;0.0;;;;;;
155;pes;Nucl/CCS;Nuclear;Nuclear;Primary energy supply;;;DHP;DHP - Nucl/CCS;0.0;;;;;;
156;pes;Coal;Fossil fuel;Fossil fuel;Primary energy supply;Heat and power (CHP, PP, Boilers);CHP plants;CHP2;CHP2 - Coal;0.0;;;;;;
157;pes;Oil;Fossil fuel;Fossil fuel;Primary energy supply;Heat and power (CHP, PP, Boilers);CHP plants;CHP2;CHP2 - Oil;0.0;;;;;;
158;pes;N.Gas;Fossil fuel;Fossil fuel;Primary energy supply;Heat and power (CHP, PP, Boilers);CHP plants;CHP2;CHP2 - N.Gas;0.0;;;;;;
159;pes;Biomass;Biomass, biofuels & waste;RES;Primary energy supply;Heat and power (CHP, PP, Boilers);CHP plants;CHP2;CHP2 - Biomass;0.0;;;;;;
160;pes;Renewable;VRES;RES;Primary energy supply;;;CHP2;CHP2 - Renewable;0.0;;;;;;
161;pes;H2 etc.;Hydrogen;RES;Primary energy supply;Heat and power (CHP, PP, Boilers);CHP plants;CHP2;CHP2 - H2 etc.;0.0;;;;;;
162;pes;Biofuel;Biomass, biofuels & waste;RES;Primary energy supply;Heat and power (CHP, PP, Boilers);CHP plants;CHP2;CHP2 - Biofuel;0.0;;;;;;
163;pes;Nucl/CCS;Nuclear;Nuclear;Primary energy supply;;;CHP2;CHP2 - Nucl/CCS;0.0;;;;;;
164;pes;Coal;Fossil fuel;Fossil fuel;Primary energy supply;Heat and power (CHP, PP, Boilers);CHP plants;CHP3;CHP3 - Coal;3.33;;;;;;
165;pes;Oil;Fossil fuel;Fossil fuel;Primary energy supply;Heat and power (CHP, PP, Boilers);CHP plants;CHP3;CHP3 - Oil;0.51;;;;;;
166;pes;N.Gas;Fossil fuel;Fossil fuel;Primary energy supply;Heat and power (CHP, PP, Boilers);CHP plants;CHP3;CHP3 - N.Gas;1.88;;;;;;
167;pes;Biomass;Biomass, biofuels & waste;RES;Primary energy supply;Heat and power (CHP, PP, Boilers);CHP plants;CHP3;CHP3 - Biomass;0.46;;;;;;
168;pes;Renewable;VRES;RES;Primary energy supply;;;CHP3;CHP3 - Renewable;0.0;;;;;;
169;pes;H2 etc.;Hydrogen;RES;Primary energy supply;Heat and power (CHP, PP, Boilers);CHP plants;CHP3;CHP3 - H2 etc.;0.0;;;;;;
170;pes;Biofuel;Biomass, biofuels & waste;RES;Primary energy supply;Heat and power (CHP, PP, Boilers);CHP plants;CHP3;CHP3 - Biofuel;0.0;;;;;;
171;pes;Nucl/CCS;Nuclear;Nuclear;Primary energy supply;;;CHP3;CHP3 - Nucl/CCS;0.0;;;;;;
172;pes;Coal;Fossil fuel;Fossil fuel;Primary energy supply;Heat and power (CHP, PP, Boilers);DH Boilers;Boiler2;Boiler2 - Coal;0.0;;;;;;
173;pes;Oil;Fossil fuel;Fossil fuel;Primary energy supply;Heat and power (CHP, PP, Boilers);DH Boilers;Boiler2;Boiler2 - Oil;0.0;;;;;;
174;pes;N.Gas;Fossil fuel;Fossil fuel;Primary energy supply;Heat and power (CHP, PP, Boilers);DH Boilers;Boiler2;Boiler2 - N.Gas;0.0;;;;;;
175;pes;Biomass;Biomass, biofuels & waste;RES;Primary energy supply;Heat and power (CHP, PP, Boilers);DH Boilers;Boiler2;Boiler2 - Biomass;0.0;;;;;;
176;pes;Renewable;VRES;RES;Primary energy supply;;;Boiler2;Boiler2 - Renewable;0.0;;;;;;
177;pes;H2 etc.;Hydrogen;RES;Primary energy supply;Heat and power (CHP, PP, Boilers);DH Boilers;Boiler2;Boiler2 - H2 etc.;0.0;;;;;;
178;pes;Biofuel;Biomass, biofuels & waste;RES;Primary energy supply;Heat and power (CHP, PP, Boilers);DH Boilers;Boiler2;Boiler2 - Biofuel;0.0;;;;;;
179;pes;Nucl/CCS;Nuclear;Nuclear;Primary energy supply;;;Boiler2;Boiler2 - Nucl/CCS;0.0;;;;;;
180;pes;Coal;Fossil fuel;Fossil fuel;Primary energy supply;Heat and power (CHP, PP, Boilers);DH Boilers;Boiler3;Boiler3 - Coal;0.03;;;;;;
181;pes;Oil;Fossil fuel;Fossil fuel;Primary energy supply;Heat and power (CHP, PP, Boilers);DH Boilers;Boiler3;Boiler3 - Oil;0.0;;;;;;
182;pes;N.Gas;Fossil fuel;Fossil fuel;Primary energy supply;Heat and power (CHP, PP, Boilers);DH Boilers;Boiler3;Boiler3 - N.Gas;0.02;;;;;;
183;pes;Biomass;Biomass, biofuels & waste;RES;Primary energy supply;Heat and power (CHP, PP, Boilers);DH Boilers;Boiler3;Boiler3 - Biomass;0.0;;;;;;
184;pes;Renewable;VRES;RES;Primary energy supply;;;Boiler3;Boiler3 - Renewable;0.0;;;;;;
185;pes;H2 etc.;Hydrogen;RES;Primary energy supply;Heat and power (CHP, PP, Boilers);DH Boilers;Boiler3;Boiler3 - H2 etc.;0.0;;;;;;
186;pes;Biofuel;Biomass, biofuels & waste;RES;Primary energy supply;Heat and power (CHP, PP, Boilers);DH Boilers;Boiler3;Boiler3 - Biofuel;0.0;;;;;;
187;pes;Nucl/CCS;Nuclear;Nuclear;Primary energy supply;;;Boiler3;Boiler3 - Nucl/CCS;0.0;;;;;;
188;pes;Coal;Fossil fuel;Fossil fuel;Primary energy supply;Heat and power (CHP, PP, Boilers);Condensing power plants;PP;PP - Coal;159.32;;;;;;
189;pes;Oil;Fossil fuel;Fossil fuel;Primary energy supply;Heat and power (CHP, PP, Boilers);Condensing power plants;PP;PP - Oil;24.19;;;;;;
190;pes;N.Gas;Fossil fuel;Fossil fuel;Primary energy supply;Heat and power (CHP, PP, Boilers);Condensing power plants;PP;PP - N.Gas;89.69;;;;;;
191;pes;Biomass;Biomass, biofuels & waste;RES;Primary energy supply;Heat and power (CHP, PP, Boilers);Condensing power plants;PP;PP - Biomass;21.83;;;;;;
192;pes;Renewable;VRES;RES;Primary energy supply;;;PP;PP - Renewable;0.0;;;;;;
193;pes;H2 etc.;Hydrogen;RES;Primary energy supply;Heat and power (CHP, PP, Boilers);Condensing power plants;PP;PP - H2 etc.;0.0;;;;;;
194;pes;Biofuel;Biomass, biofuels & waste;RES;Primary energy supply;Heat and power (CHP, PP, Boilers);Condensing power plants;PP;PP - Biofuel;0.0;;;;;;
195;pes;Nucl/CCS;Nuclear;Nuclear;Primary energy supply;Heat and power (CHP, PP, Boilers);Condensing power plants;PP;PP - Nucl/CCS;0.0;;;;;;
196;pes;Coal;Fossil fuel;Fossil fuel;Primary energy supply;;;Geo/Nu.;Geo/Nu. - Coal;0.0;;;;;;
197;pes;Oil;Fossil fuel;Fossil fuel;Primary energy supply;;;Geo/Nu.;Geo/Nu. - Oil;0.0;;;;;;
198;pes;N.Gas;Fossil fuel;Fossil fuel;Primary energy supply;;;Geo/Nu.;Geo/Nu. - N.Gas;0.0;;;;;;
199;pes;Biomass;Biomass, biofuels & waste;RES;Primary energy supply;;;Geo/Nu.;Geo/Nu. - Biomass;0.0;;;;;;
200;pes;Geothermal;Geothermal;RES;Primary energy supply;Electricity;Geothermal;Geothermal;Geo/Nu. - Renewable;1.14;;Disaggregate or rename to geothermal;;;;
201;pes;H2 etc.;Hydrogen;RES;Primary energy supply;;;Geo/Nu.;Geo/Nu. - H2 etc.;0.0;;;;;;
202;pes;Biofuel;Biomass, biofuels & waste;RES;Primary energy supply;;;Geo/Nu.;Geo/Nu. - Biofuel;0.0;;;;;;
203;pes;Nucl/CCS;Nuclear;Nuclear;Primary energy supply;Electricity;Nuclear plants;Nuclear;Geo/Nu. - Nucl/CCS;256.36;;;;;;
204;pes;Coal;Fossil fuel;Fossil fuel;Primary energy supply;;;Hydro;Hydro - Coal;0.0;;;;;;
205;pes;Oil;Fossil fuel;Fossil fuel;Primary energy supply;;;Hydro;Hydro - Oil;0.0;;;;;;
206;pes;N.Gas;Fossil fuel;Fossil fuel;Primary energy supply;;;Hydro;Hydro - N.Gas;0.0;;;;;;
207;pes;Biomass;Biomass, biofuels & waste;RES;Primary energy supply;;;Hydro;Hydro - Biomass;0.0;;;;;;
208;pes;Renewable;VRES;RES;Primary energy supply;;;Hydro;Hydro - Renewable;3.33;;;;;;
209;pes;H2 etc.;Hydrogen;RES;Primary energy supply;;;Hydro;Hydro - H2 etc.;0.0;;;;;;
210;pes;Biofuel;Biomass, biofuels & waste;RES;Primary energy supply;;;Hydro;Hydro - Biofuel;0.0;;;;;;
211;pes;Nucl/CCS;Nuclear;Nuclear;Primary energy supply;;;Hydro;Hydro - Nucl/CCS;0.0;;;;;;
212;pes;Coal;Fossil fuel;Fossil fuel;Primary energy supply;;;Waste;Waste - Coal;0.0;;;;;;
213;pes;Oil;Fossil fuel;Fossil fuel;Primary energy supply;;;Waste;Waste - Oil;0.0;;;;;;
214;pes;N.Gas;Fossil fuel;Fossil fuel;Primary energy supply;;;Waste;Waste - N.Gas;0.0;;;;;;
215;pes;Waste;Biomass, biofuels & waste;RES;Primary energy supply;Heat and power (CHP, PP, Boilers);Waste incineration;Waste;Waste - Biomass;47.7;;;;;;
216;pes;Renewable;VRES;RES;Primary energy supply;;;Waste;Waste - Renewable;0.0;;;;;;
217;pes;H2 etc.;Hydrogen;RES;Primary energy supply;;;Waste;Waste - H2 etc.;0.0;;;;;;
218;pes;Waste;Biomass, biofuels & waste;RES;Primary energy supply;Biofuels;Waste to biofuel;Waste;Waste - Biofuel;0.0;;;;;;
219;pes;Nucl/CCS;Nuclear;Nuclear;Primary energy supply;;;Waste;Waste - Nucl/CCS;0.0;;;;;;
220;pes;Coal;Fossil fuel;Fossil fuel;Primary energy supply;;;CAES/ELT;CAES/ELT - Coal;0.0;;;;;;
221;pes;Oil;Fossil fuel;Fossil fuel;Primary energy supply;;;CAES/ELT;CAES/ELT - Oil;0.0;;;;;;
222;pes;N.Gas;Fossil fuel;Fossil fuel;Primary energy supply;;;CAES/ELT;CAES/ELT - N.Gas;0.0;;;;;;
223;pes;Biomass;Biomass, biofuels & waste;RES;Primary energy supply;;;CAES/ELT;CAES/ELT - Biomass;0.0;;;;;;
224;pes;Renewable;VRES;RES;Primary energy supply;;;CAES/ELT;CAES/ELT - Renewable;0.0;;;;;;
225;pes;H2 etc.;Hydrogen;RES;Primary energy supply;Biofuels;;CAES/ELT;CAES/ELT - H2 etc.;0.0;;;;;;
226;pes;Biofuel;Biomass, biofuels & waste;RES;Primary energy supply;;;CAES/ELT;CAES/ELT - Biofuel;0.0;;;;;;
227;pes;Nucl/CCS;Nuclear;Nuclear;Primary energy supply;;;CAES/ELT;CAES/ELT - Nucl/CCS;0.0;;;;;;
228;pes;Coal;Fossil fuel;Fossil fuel;Primary energy supply;;;BioCon;BioCon - Coal;0.0;;;;;;
229;pes;Oil;Fossil fuel;Fossil fuel;Primary energy supply;;;BioCon;BioCon - Oil;0.0;;;;;;
230;pes;N.Gas;Fossil fuel;RES;Primary energy supply;Fossil fuel;;BioCon;BioCon - N.Gas;-23.3;;;;;;
231;pes;Biomass;Biomass, biofuels & waste;RES;Primary energy supply;Biofuels;;BioCon;BioCon - Biomass;64.69;;;;;;
232;pes;Renewable;VRES;RES;Primary energy supply;;;BioCon;BioCon - Renewable;0.0;;;;;;
233;pes;H2 etc.;Hydrogen;RES;Primary energy supply;Biofuels;;BioCon;BioCon - H2 etc.;0.0;;;;;;
234;pes;Biofuel;Biomass, biofuels & waste;Biofuels;Primary energy supply;Transport;;BioCon;BioCon - Biofuel;-16.55;;;;;;
235;pes;Nucl/CCS;Nuclear;Nuclear;Primary energy supply;;;BioCon;BioCon - Nucl/CCS;0.0;;;;;;
236;pes;Coal;Fossil fuel;Fossil fuel;Primary energy supply;;;EFuel;EFuel - Coal;0.0;;;;;;
237;pes;Oil;Fossil fuel;Fossil fuel;Primary energy supply;;;EFuel;EFuel - Oil;0.0;;;;;;
238;pes;N.Gas;Fossil fuel;Fossil fuel;Primary energy supply;;;EFuel;EFuel - N.Gas;0.0;;;;;;
239;pes;Biomass;Biomass, biofuels & waste;RES;Primary energy supply;;;EFuel;EFuel - Biomass;0.0;;;;;;
240;pes;Renewable;VRES;RES;Primary energy supply;;;EFuel;EFuel - Renewable;0.0;;;;;;
241;pes;H2 etc.;Hydrogen;RES;Primary energy supply;Biofuels;;EFuel;EFuel - H2 etc.;0.0;;;;;;
242;pes;Biofuel;Biomass, biofuels & waste;RES;Primary energy supply;Biofuels;;EFuel;EFuel - Biofuel;0.04;;;;;;
243;pes;Nucl/CCS;Nuclear;Nuclear;Primary energy supply;;;EFuel;EFuel - Nucl/CCS;0.0;;;;;;
244;pes;Coal;Fossil fuel;Fossil fuel;Primary energy supply;;;VRES;VRES - Coal;0.0;;;;;;
245;pes;Oil;Fossil fuel;Fossil fuel;Primary energy supply;;;VRES;VRES - Oil;0.0;;;;;;
246;pes;N.Gas;Fossil fuel;Fossil fuel;Primary energy supply;;;VRES;VRES - N.Gas;0.0;;;;;;
247;pes;Biomass;Biomass, biofuels & waste;RES;Primary energy supply;;;VRES;VRES - Biomass;0.0;;;;;;
248;pes;Renewable;VRES;RES;Primary energy supply;;;VRES;VRES - Renewable;68.35;;;68,35;;;
249;pes;H2 etc.;Hydrogen;RES;Primary energy supply;;;VRES;VRES - H2 etc.;0.0;;;;;;
250;pes;Biofuel;Biomass, biofuels & waste;RES;Primary energy supply;;;VRES;VRES - Biofuel;0.0;;;;;;
251;pes;Nucl/CCS;Nuclear;Nuclear;Primary energy supply;;;VRES;VRES - Nucl/CCS;0.0;;;;;;
252;pes;Coal;Fossil fuel;Fossil fuel;Primary energy supply;;;SolarTh;SolarTh - Coal;0.0;;;;;;
253;pes;Oil;Fossil fuel;Fossil fuel;Primary energy supply;;;SolarTh;SolarTh - Oil;0.0;;;;;;
254;pes;N.Gas;Fossil fuel;Fossil fuel;Primary energy supply;;;SolarTh;SolarTh - N.Gas;0.0;;;;;;
255;pes;Biomass;Biomass, biofuels & waste;RES;Primary energy supply;;;SolarTh;SolarTh - Biomass;0.0;;;;;;
256;pes;Renewable;VRES;RES;Primary energy supply;;;SolarTh;SolarTh - Renewable;0.02;;;;;;
257;pes;H2 etc.;Hydrogen;RES;Primary energy supply;;;SolarTh;SolarTh - H2 etc.;0.0;;;;;;
258;pes;Biofuel;Biomass, biofuels & waste;RES;Primary energy supply;;;SolarTh;SolarTh - Biofuel;0.0;;;;;;
259;pes;Nucl/CCS;Nuclear;Nuclear;Primary energy supply;;;SolarTh;SolarTh - Nucl/CCS;0.0;;;;;;
260;pes;Coal;Fossil fuel;Fossil fuel;Primary energy supply;;;Transp.;Transp. - Coal;0.0;;;;;;
261;pes;Oil;Fossil fuel;Fossil fuel;Primary energy supply;Transport;;Transp.;Transp. - Oil;435.4;;;;;;
262;pes;N.Gas;Fossil fuel;Fossil fuel;Primary energy supply;Transport;;Transp.;Transp. - N.Gas;1.82;;;;;;
263;pes;Biomass;Biomass, biofuels & waste;RES;Primary energy supply;;;Transp.;Transp. - Biomass;0.0;;;;;;
264;pes;Renewable;VRES;RES;Primary energy supply;;;Transp.;Transp. - Renewable;0.0;;;;;;
265;pes;H2 etc.;Hydrogen;RES;Primary energy supply;Transport;;Transp.;Transp. - H2 etc.;0.0;;;;;;
266;pes;Biofuel;Biomass, biofuels & waste;RES;Primary energy supply;Transport;;Transp.;Transp. - Biofuel;16.78;;;;;;
267;pes;Nucl/CCS;Nuclear;Nuclear;Primary energy supply;;;Transp.;Transp. - Nucl/CCS;0.0;;;;;;
268;pes;Coal;Fossil fuel;Fossil fuel;Primary energy supply;Individual supply;Indv. Boilers (incl. micro CHP);Househ;Househ - Coal;22.32;;;;;;
269;pes;Oil;Fossil fuel;Fossil fuel;Primary energy supply;Individual supply;Indv. Boilers (incl. micro CHP);Househ;Househ - Oil;89.27;;;;;;
270;pes;N.Gas;Fossil fuel;Fossil fuel;Primary energy supply;Individual supply;Indv. Boilers (incl. micro CHP);Househ;Househ - N.Gas;267.45;;;;;;
271;pes;Biomass;Biomass, biofuels & waste;RES;Primary energy supply;Individual supply;Indv. Boilers (incl. micro CHP);Househ;Househ - Biomass;83.01;;;;;;
272;pes;Renewable;VRES;RES;Primary energy supply;;;Househ;Househ - Renewable;0.0;;;;;;
273;pes;H2 etc.;Hydrogen;RES;Primary energy supply;Individual supply;Indv. Boilers (incl. micro CHP);Househ;Househ - H2 etc.;0.0;;;;;;
274;pes;Biofuel;Biomass, biofuels & waste;RES;Primary energy supply;;;Househ;Househ - Biofuel;0.0;;;;;;
275;pes;Nucl/CCS;Nuclear;Nuclear;Primary energy supply;;;Househ;Househ - Nucl/CCS;0.0;;;;;;
276;pes;Coal;Fossil fuel;Fossil fuel;Primary energy supply;Industry ( & other);Industry ( & other);Ind/Var;Ind/Var - Coal;49.32;;;;;;
277;pes;Oil;Fossil fuel;Fossil fuel;Primary energy supply;Industry ( & other);Industry ( & other);Ind/Var;Ind/Var - Oil;76.2;;;;;;
278;pes;N.Gas;Fossil fuel;Fossil fuel;Primary energy supply;Industry ( & other);Industry ( & other);Ind/Var;Ind/Var - N.Gas;115.08;;;;;;
279;pes;Biomass;Biomass, biofuels & waste;RES;Primary energy supply;Industry ( & other);Industry ( & other);Ind/Var;Ind/Var - Biomass;14.04;;;;;;
280;pes;Renewable;VRES;RES;Primary energy supply;;;Ind/Var;Ind/Var - Renewable;0.0;;;;;;
281;pes;H2 etc.;Hydrogen;RES;Primary energy supply;;;Ind/Var;Ind/Var - H2 etc.;0.0;;;;;;
282;pes;Biofuel;Biomass, biofuels & waste;RES;Primary energy supply;;;Ind/Var;Ind/Var - Biofuel;0.0;;;;;;
283;pes;Nucl/CCS;Nuclear;Nuclear;Primary energy supply;;;Ind/Var;Ind/Var - Nucl/CCS;0.0;;;;;;
284;co2;;;Fossil fuel;Emisisons;GHG emissions;CO2 emissions;CO2 emissions;CO2-emission (corrected);340.048;;;;;;
285;inv;;;Renewable heat;Costs;annual investment;Renewable heat;;Solar thermal;0.0;;;;;;
286;inv;;;Heat and electricity;Costs;annual investment;Heat and power (CHP & PP);;Small CHP units;0.0;;;;;;
287;inv;;;Heat and electricity;Costs;annual investment;Heat pumps (DH);;Heat Pump gr. 2;0.0;;;;;;
288;inv;;;Heat and electricity;Costs;annual investment;Thermal storage;;Heat Storage CHP;0.0;;;;;;
289;inv;;;Heat and electricity;Costs;annual investment;Thermal storage;;Large CHP units;108.0;;;;;;
290;inv;;;Heat and electricity;Costs;annual investment;Heat and power (CHP & PP);;Heat Pump gr. 3;0.0;;;;;;
291;inv;;;Heat and electricity;Costs;annual investment;Thermal storage;;Heat Storage Solar;0.0;;;;;;
292;inv;;;Heat and electricity;Costs;annual investment;Boilers (DH);;Boilers gr. 2 and 3;68.0;;;;;;
293;inv;;;Heat and electricity;Costs;annual investment;Heat and power (CHP & PP);;Large Power Plants;1893.0;;;;;;
294;inv;;;Renewable energy;Costs;annual investment;Wind;;Wind;705.0;;;;;;
295;inv;;;Renewable energy;Costs;annual investment;Wind;;Wind offshore;93.0;;;;;;
296;inv;;;Renewable energy;Costs;annual investment;Solar;;Photo Voltaic;77.0;;;;;;
297;inv;;;Renewable energy;Costs;annual investment;Marine;;Wave power;0.0;;;;;;
298;inv;;;Renewable energy;Costs;annual investment;Hydro;;River of hydro;0.0;;;;;;
299;inv;;;Renewable energy;Costs;annual investment;Hydro;;Hydro Power;119.0;;;;;;
300;inv;;;Renewable energy;Costs;annual investment;Hydro;;Hydro Storage;0.0;;;;;;
301;inv;;;Renewable energy;Costs;annual investment;Hydro;;Hydro Pump;0.0;;;;;;
302;inv;;;Renewable energy;Costs;annual investment;Nuclear plants;;Nuclear;1995.0;;;;;;
303;inv;;;Renewable energy;Costs;annual investment;Geothermal;;Geothermal Electr.;2.0;;;;;;
304;inv;;;Liquid and gas fuels;Costs;annual investment;Electrolyser;;Electrolyser;0.0;;;;;;
305;inv;;;Liquid and gas fuels;Costs;annual investment;Liquid and gas storage;;Hydrogen Storage;0.0;;;;;;
306;inv;;;Heat and electricity;Costs;annual investment;Electricity storage;;Charge el1 storage;33.0;;;;;;
307;inv;;;Heat and electricity;Costs;annual investment;Electricity storage;;Discharge el1 storage;33.0;;;;;;
308;inv;;;Heat and electricity;Costs;annual investment;Electricity storage;;El1 storage cap;0.0;;;;;;
309;inv;;;Individual heat;Costs;annual investment;Boilers (Indv.);;Indv. boilers;8306.0;;;;;;
310;inv;;;Individual heat;Costs;annual investment;Micro CHP (Indv.);;Indv. CHP;0.0;;;;;;
311;inv;;;Individual heat;Costs;annual investment;Heat pumps (Indv.);;Indv. Heat Pump;108.0;;;;;;
312;inv;;;Individual heat;Costs;annual investment;Boilers (Indv.);;Indv. Electric heat;658.0;;;;;;
313;inv;;;Individual heat;Costs;annual investment;Solar thermal (Indv.);;Indv. Solar thermal;0.0;;;;;;
314;inv;;;Liquid and gas fuels;Costs;annual investment;Biogas;;BioGas Upgrade;44.0;;;;;;
315;inv;;;Liquid and gas fuels;Costs;annual investment;Biogas;;Gasification Upgrade;0.0;;;;;;
316;inv;;;Heat and electricity;Costs;annual investment;Boilers (DH);;DHP Boiler group 1;0.0;;;;;;
317;inv;;;Heat and electricity;Costs;annual investment;Heat and power (CHP & PP);;Waste CHP;14.0;;;;;;
318;inv;;;Heat and electricity;Costs;annual investment;Heat pumps (DH);;Absorp. HP (Waste);0.0;;;;;;
319;inv;;;Liquid and gas fuels;Costs;annual investment;Biofuel conversion;;Biogas Plant;185.0;;;;;;
320;inv;;;Liquid and gas fuels;Costs;annual investment;Biofuel conversion;;Gasification Plant;0.0;;;;;;
321;inv;;;Liquid and gas fuels;Costs;annual investment;Biofuel conversion;;BioDiesel Plant;647.0;;;;;;
322;inv;;;Liquid and gas fuels;Costs;annual investment;Biofuel conversion;;BioPetrol Plant;0.0;;;;;;
323;inv;;;Liquid and gas fuels;Costs;annual investment;Biofuel conversion;;BioJPPlant;0.0;;;;;;
324;inv;;;Renewable energy;Costs;annual investment;Marine;;Tidal Power;0.0;;;;;;
325;inv;;;Renewable energy;Costs;annual investment;Solar;;CSP Solar Power;0.0;;;;;;
326;inv;;;Liquid and gas fuels;Costs;annual investment;CCS;;Carbon Recycling;0.0;;;;;;
327;inv;;;Liquid and gas fuels;Costs;annual investment;Biofuel conversion;;Methanation;0.0;;;;;;
328;inv;;;Liquid and gas fuels;Costs;annual investment;Biofuel conversion;;Liquidation + JP;0.0;;;;;;
329;inv;;;Desalination;Costs;annual investment;Desalination;;Desalination Plant;0.0;;;;;;
330;inv;;;Desalination;Costs;annual investment;Water storage;;Water storage;0.0;;;;;;
331;inv;;;Liquid and gas fuels;Costs;annual investment;Liquid and gas storage;;Gas Storage;0.0;;;;;;
332;inv;;;Liquid and gas fuels;Costs;annual investment;Liquid and gas storage;;Oil Storage;0.0;;;;;;
333;inv;;;Liquid and gas fuels;Costs;annual investment;Liquid and gas storage;;Methanol Storage;0.0;;;;;;
334;inv;;;Heat and electricity;Costs;annual investment;Interconnection;;Interconnection;0.0;;;;;;
335;inv;;;Renewable energy;Costs;annual investment;Geothermal;;Geothermal Heat;0.0;;;;;;
336;inv;;;Renewable energy;Costs;annual investment;Excess heat;;Indust. Excess Heat;0.0;;;;;;
337;inv;;;Heat and electricity;Costs;annual investment;Heat and power (CHP & PP);;Indust. CHP Electr.;0.0;;;;;;
338;inv;;;Heat and electricity;Costs;annual investment;Heat and power (CHP & PP);;Indust. CHP Heat;0.0;;;;;;
339;inv;;;Heat and electricity;Costs;annual investment;Boilers (DH);;Electr Boiler Gr 2+3;0.0;;;;;;
340;inv;;;Road Vehicles;Costs;annual investment;Transport;;Bicycles;0.0;;;;;;
341;inv;;;Road Vehicles;Costs;annual investment;Transport;;Motorbikes;0.0;;;;;;
342;inv;;;Road Vehicles;Costs;annual investment;Transport;;Electric Cars;0.0;;;;;;
343;inv;;;Road Vehicles;Costs;annual investment;Transport;;Conventional Cars;0.0;;;;;;
344;inv;;;Road Vehicles;Costs;annual investment;Transport;;DME Buses;0.0;;;;;;
345;inv;;;Road Vehicles;Costs;annual investment;Transport;;Diesel Buses;0.0;;;;;;
346;inv;;;Road Vehicles;Costs;annual investment;Transport;;DME Trucks;0.0;;;;;;
347;inv;;;Road Vehicles;Costs;annual investment;Transport;;Diesel Trucks;0.0;;;;;;
348;inv;;;Heat and electricity;Costs;annual investment;Electricity storage;;El1 storage cap;0.0;;is it actually El2 ?;;;;
349;inv;;;Renewable heat;Costs;fixed OM;Renewable heat;;Solar thermal;0.0;;;;;;
350;inv;;;Heat and electricity;Costs;fixed OM;Heat and power (CHP & PP);;Small CHP units;0.0;;;;;;
351;inv;;;Heat and electricity;Costs;fixed OM;Heat pumps (DH);;Heat Pump gr. 2;0.0;;;;;;
352;inv;;;Heat and electricity;Costs;fixed OM;Thermal storage;;Heat Storage CHP;0.0;;;;;;
353;inv;;;Heat and electricity;Costs;fixed OM;Thermal storage;;Large CHP units;91.0;;;;;;
354;inv;;;Heat and electricity;Costs;fixed OM;Heat and power (CHP & PP);;Heat Pump gr. 3;0.0;;;;;;
355;inv;;;Heat and electricity;Costs;fixed OM;Thermal storage;;Heat Storage Solar;0.0;;;;;;
356;inv;;;Heat and electricity;Costs;fixed OM;Boilers (DH);;Boilers gr. 2 and 3;60.0;;;;;;
357;inv;;;Heat and electricity;Costs;fixed OM;Heat and power (CHP & PP);;Large Power Plants;1331.0;;;;;;
358;inv;;;Renewable energy;Costs;fixed OM;Wind;;Wind;247.0;;;;;;
359;inv;;;Renewable energy;Costs;fixed OM;Wind;;Wind offshore;48.0;;;;;;
360;inv;;;Renewable energy;Costs;fixed OM;Solar;;Photo Voltaic;58.0;;;;;;
361;inv;;;Renewable energy;Costs;fixed OM;Marine;;Wave power;0.0;;;;;;
362;inv;;;Renewable energy;Costs;fixed OM;Hydro;;River of hydro;0.0;;;;;;
363;inv;;;Renewable energy;Costs;fixed OM;Hydro;;Hydro Power;109.0;;;;;;
364;inv;;;Renewable energy;Costs;fixed OM;Hydro;;Hydro Storage;0.0;;;;;;
365;inv;;;Renewable energy;Costs;fixed OM;Hydro;;Hydro Pump;0.0;;;;;;
366;inv;;;Renewable energy;Costs;fixed OM;Nuclear plants;;Nuclear;1117.0;;;;;;
367;inv;;;Renewable energy;Costs;fixed OM;Geothermal;;Geothermal Electr.;1.0;;;;;;
368;inv;;;Liquid and gas fuels;Costs;fixed OM;Electrolyser;;Electrolyser;0.0;;;;;;
369;inv;;;Liquid and gas fuels;Costs;fixed OM;Liquid and gas storage;;Hydrogen Storage;0.0;;;;;;
370;inv;;;Heat and electricity;Costs;fixed OM;Electricity storage;;Charge el1 storage;25.0;;;;;;
371;inv;;;Heat and electricity;Costs;fixed OM;Electricity storage;;Discharge el1 storage;25.0;;;;;;
372;inv;;;Heat and electricity;Costs;fixed OM;Electricity storage;;El1 storage cap;0.0;;;;;;
373;inv;;;Individual heat;Costs;fixed OM;Boilers (Indv.);;Indv. boilers;166.0;;;;;;
374;inv;;;Individual heat;Costs;fixed OM;Micro CHP (Indv.);;Indv. CHP;0.0;;;;;;
375;inv;;;Individual heat;Costs;fixed OM;Heat pumps (Indv.);;Indv. Heat Pump;58.0;;;;;;
376;inv;;;Individual heat;Costs;fixed OM;Boilers (Indv.);;Indv. Electric heat;158.0;;;;;;
377;inv;;;Individual heat;Costs;fixed OM;Solar thermal (Indv.);;Indv. Solar thermal;0.0;;;;;;
378;inv;;;Liquid and gas fuels;Costs;fixed OM;Biogas;;BioGas Upgrade;17.0;;;;;;
379;inv;;;Liquid and gas fuels;Costs;fixed OM;Biogas;;Gasification Upgrade;0.0;;;;;;
380;inv;;;Heat and electricity;Costs;fixed OM;Boilers (DH);;DHP Boiler group 1;0.0;;;;;;
381;inv;;;Heat and electricity;Costs;fixed OM;Heat and power (CHP & PP);;Waste CHP;11.0;;;;;;
382;inv;;;Heat and electricity;Costs;fixed OM;Heat pumps (DH);;Absorp. HP (Waste);0.0;;;;;;
383;inv;;;Liquid and gas fuels;Costs;fixed OM;Biofuel conversion;;Biogas Plant;519.0;;;;;;
384;inv;;;Liquid and gas fuels;Costs;fixed OM;Biofuel conversion;;Gasification Plant;0.0;;;;;;
385;inv;;;Liquid and gas fuels;Costs;fixed OM;Biofuel conversion;;BioDiesel Plant;780.0;;;;;;
386;inv;;;Liquid and gas fuels;Costs;fixed OM;Biofuel conversion;;BioPetrol Plant;0.0;;;;;;
387;inv;;;Liquid and gas fuels;Costs;fixed OM;Biofuel conversion;;BioJPPlant;0.0;;;;;;
388;inv;;;Renewable energy;Costs;fixed OM;Marine;;Tidal Power;0.0;;;;;;
389;inv;;;Renewable energy;Costs;fixed OM;Solar;;CSP Solar Power;0.0;;;;;;
390;inv;;;Liquid and gas fuels;Costs;fixed OM;CCS;;Carbon Recycling;0.0;;;;;;
391;inv;;;Liquid and gas fuels;Costs;fixed OM;Biofuel conversion;;Methanation;0.0;;;;;;
392;inv;;;Liquid and gas fuels;Costs;fixed OM;Biofuel conversion;;Liquidation + JP;0.0;;;;;;
393;inv;;;Desalination;Costs;fixed OM;Desalination;;Desalination Plant;0.0;;;;;;
394;inv;;;Desalination;Costs;fixed OM;Water storage;;Water storage;0.0;;;;;;
395;inv;;;Liquid and gas fuels;Costs;fixed OM;Liquid and gas storage;;Gas Storage;0.0;;;;;;
396;inv;;;Liquid and gas fuels;Costs;fixed OM;Liquid and gas storage;;Oil Storage;0.0;;;;;;
397;inv;;;Liquid and gas fuels;Costs;fixed OM;Liquid and gas storage;;Methanol Storage;0.0;;;;;;
398;inv;;;Heat and electricity;Costs;fixed OM;Interconnection;;Interconnection;0.0;;;;;;
399;inv;;;Renewable energy;Costs;fixed OM;Geothermal;;Geothermal Heat;0.0;;;;;;
400;inv;;;Renewable energy;Costs;fixed OM;Excess heat;;Indust. Excess Heat;0.0;;;;;;
401;inv;;;Heat and electricity;Costs;fixed OM;Heat and power (CHP & PP);;Indust. CHP Electr.;0.0;;;;;;
402;inv;;;Heat and electricity;Costs;fixed OM;Heat and power (CHP & PP);;Indust. CHP Heat;0.0;;;;;;
403;inv;;;Heat and electricity;Costs;fixed OM;Boilers (DH);;Electr Boiler Gr 2+3;0.0;;;;;;
404;inv;;;Road Vehicles;Costs;fixed OM;Transport;;Bicycles;0.0;;;;;;
405;inv;;;Road Vehicles;Costs;fixed OM;Transport;;Motorbikes;0.0;;;;;;
406;inv;;;Road Vehicles;Costs;fixed OM;Transport;;Electric Cars;0.0;;;;;;
407;inv;;;Road Vehicles;Costs;fixed OM;Transport;;Conventional Cars;0.0;;;;;;
408;inv;;;Road Vehicles;Costs;fixed OM;Transport;;DME Buses;0.0;;;;;;
409;inv;;;Road Vehicles;Costs;fixed OM;Transport;;Diesel Buses;0.0;;;;;;
410;inv;;;Road Vehicles;Costs;fixed OM;Transport;;DME Trucks;0.0;;;;;;
411;inv;;;Road Vehicles;Costs;fixed OM;Transport;;Diesel Trucks;0.0;;;;;;
412;inv;;;Heat and electricity;Costs;fixed OM;Electricity storage;;El1 storage cap;0.0;;;;;;
413;ad_inv;;;;Costs;annual investment;;;Heat savings cost;187.0;;should probably hard code this so it takes any incoming value;;;;
414;ad_inv;;;;Costs;annual investment;;;DH grid;226.0;;;;;;
415;ad_inv;;;;Costs;annual investment;;;CO2 Underground storage;0.0;;;;;;
416;ad_inv;;;;Costs;annual investment;;;Power Grid;71.0;;;;;;
417;ad_inv;;;;Costs;annual investment;;;Industry savings;11.0;;;;;;
418;ad_inv;;;;Costs;annual investment;;;Transport;813.0;;;;;;
419;ad_inv;;;;Costs;fixed OM;;;Heat savings cost;24.0;;;;;;
420;ad_inv;;;;Costs;fixed OM;;;DH grid;0.0;;;;;;
421;ad_inv;;;;Costs;fixed OM;;;CO2 Underground storage;0.0;;;;;;
422;ad_inv;;;;Costs;fixed OM;;;Power Grid;0.0;;;;;;
423;ad_inv;;;;Costs;fixed OM;;;Industry savings;0.0;;;;;;
424;ad_inv;;;;Costs;fixed OM;;;Transport;0.0;;;;;;
425;inv;;;;Costs;variable cost;Fuel excl. natural gas exchange;;Coal;2128.0;;;;;;
426;inv;;;;Costs;variable cost;Fuel excl. natural gas exchange;;FuelOil;27.0;;;;;;
427;inv;;;;Costs;variable cost;Fuel excl. natural gas exchange;;Gasoil/Diesel;17442.0;;;;;;
428;inv;;;;Costs;variable cost;Fuel excl. natural gas exchange;;Petrol/JP;0.0;;;;;;
429;inv;;;;Costs;variable cost;Fuel excl. natural gas exchange;;Gas handling;1874.0;;;;;;
430;inv;;;;Costs;variable cost;Fuel excl. natural gas exchange;;Biomass;7324.0;;;;;;
431;inv;;;;Costs;variable cost;Fuel excl. natural gas exchange;;Food income;0.0;;;;;;
432;inv;;;;Costs;variable cost;Fuel excl. natural gas exchange;;Waste;0.0;;;;;;
433;inv;;;;Costs;variable cost;Ngas Exchange costs;;Ngas Exchange costs;15154.0;;;;;;
434;inv;;;;Costs;variable cost;Marginal operation costs;;Marginal operation costs;331.0;;;;;;
435;inv;;;;Costs;variable cost;Electricity exchange;;Import;0.0;;;;;;
436;inv;;;;Costs;variable cost;Electricity exchange;;Export;-1462.0;;;;;;
437;inv;;;;Costs;variable cost;Electricity exchange;;Bottleneck;1462.0;;;;;;
438;inv;;;;Costs;variable cost;Electricity exchange;;Fixed imp/exp;0.0;;;;;;
439;inv;;;;Costs;variable cost;CO2 costs;;CO2 emission costs;14480.0;;;;;;
